<?xml version="1.0" encoding="UTF-8"?>
<beans xmlns="http://www.springframework.org/schema/beans"
       xmlns:xsi="http://www.w3.org/2001/XMLSchema-instance"
       xmlns:context="http://www.springframework.org/schema/context"
       xsi:schemaLocation="http://www.springframework.org/schema/beans 
           http://www.springframework.org/schema/beans/spring-beans-3.0.xsd
           http://www.springframework.org/schema/context
           http://www.springframework.org/schema/context/spring-context-3.0.xsd">
	  <context:annotation-config />
	<bean id="emp" class="com.cf.spring.SpringDemo4_B2.Emp">
		<property name="empId" value="345"></property>
		<property name="empName"><value>ajay</value></property>
		
	</bean>
	<bean id="address" class="com.cf.spring.SpringDemo4_B2.Address">
		<property name="pin"><value>600044</value></property>
		<property name="streetName" value="3rd street"></property>
	</bean>
	
</beans>