<?xml version="1.0" encoding="UTF-8"?>
<beans xmlns="http://www.springframework.org/schema/beans"
	xmlns:xsi="http://www.w3.org/2001/XMLSchema-instance"
	xsi:schemaLocation="
        http://www.springframework.org/schema/beans http://www.springframework.org/schema/beans/spring-beans.xsd">
	
	<bean id="emp1" class="com.cf.spring.SpringDemo11_B2.Emp">
	<property name="empId" value="1001"></property>
	<property name="empName" value="Ajay"></property>
	</bean>
	
	<bean id="emp2" class="com.cf.spring.SpringDemo11_B2.Emp">
	<property name="empId" value="1002"></property>
	<property name="empName" >
	<value>${emp1.empName}</value></property>
	</bean>
</beans>