<?xml version="1.0" encoding="UTF-8"?>
<beans xmlns="http://www.springframework.org/schema/beans"
       xmlns:xsi="http://www.w3.org/2001/XMLSchema-instance"
       xmlns:context="http://www.springframework.org/schema/context"
       xsi:schemaLocation="http://www.springframework.org/schema/beans 
           http://www.springframework.org/schema/beans/spring-beans-3.0.xsd
           http://www.springframework.org/schema/context
           http://www.springframework.org/schema/context/spring-context-3.0.xsd">
               
     <bean id="emp" class="com.cf.springDemo1.Emp" scope="singleton">
	<property name="empId" value="1001"></property>
	<property name="empName" value="Ajay"> </property>
	<property name="addr" ref="add"></property>
	</bean>
	
    <bean id="add" class="com.cf.springDemo1.Address" scope="prototype">
	<property name="street" value="4th street"></property>
	<property name="pin" value="600097"></property>
	</bean>
</beans>